<?xml version="1.0" ?><Model.InfoLahan><lokasi><string>Yogyakarta</string><string>Bengkulu</string><string>Magelang</string><string>Surabaya</string></lokasi><luasL><int>1</int><int>2</int><int>12</int><int>1</int></luasL><jenisTanah><string>Padi</string><string>Sawit</string><string>Gembur</string><string>Gembur</string></jenisTanah><hargaPerbulan><int>100000</int><int>200000</int><int>1000000</int><int>1000000</int></hargaPerbulan><hargaPertahun><int>1100000</int><int>2000000</int><int>11000000</int><int>1200000</int></hargaPertahun><jenisTanaman><string>Padi</string><string>Sawit</string><string>Sawit</string><string>Jagung</string></jenisTanaman></Model.InfoLahan>