<?xml version="1.0" ?><Model.User><id><int>1</int><int>0</int><int>0</int><int>1</int><int>0</int><int>1</int><int>0</int><int>1</int><int>0</int><int>1</int><int>0</int><int>1</int><int>0</int><int>1</int><int>0</int><int>1</int><int>0</int><int>1</int><int>0</int><int>1</int><int>0</int><int>1</int><int>0</int><int>1</int><int>0</int><int>1</int><int>0</int><int>1</int><int>0</int><int>1</int><int>0</int><int>1</int><int>0</int><int>1</int><int>0</int><int>1</int><int>0</int><int>1</int><int>0</int><int>1</int><int>0</int><int>1</int><int>0</int><int>1</int><int>0</int><int>1</int><int>0</int><int>1</int><int>0</int><int>0</int><int>0</int><int>0</int><int>0</int><int>0</int><int>0</int><int>0</int><int>1</int><int>0</int><int>0</int><int>0</int><int>0</int><int>1</int><int>0</int><int>0</int><int>1</int></id><nama><string>bima</string><string>Alya</string></nama><nomer><string>1</string><string>121</string></nomer><gender><string>Laki-Laki</string><string>Perempuan</string></gender><alamat><string>jsadaj</string><string>asd	</string></alamat><avatar><string>F:\Codeblocks\src\Images\avatar.png</string><string>F:\Codeblocks\src\Images\avatar.png</string></avatar><email><string>bima</string><string>coba</string></email><password><string>1234</string><string>coba</string></password><pemilik><string>Alya</string><string>Alya</string><string>Alya</string><string>Alya</string></pemilik><pengelola><string>Riko</string><string>Bima</string><string>Lutfi</string><string>Hadin</string></pengelola></Model.User>